ID,Degree,Betweenness,Closeness,Alpha_Centrality,Eigen_centrality,KNN (Average nearest neighbor degree),Harmonic_centrality,Kleinberg's hub centrality,Strength (Summing up the edge weights of the adjacent edges for each vertex)
Bird,0.92307692,0.2,0.938137,-0.61538462,1.06605289,1.18181818,0.96666667,1.09723999,0.92307692
DepoFeed,1.23076923,1.07407407,1.02342219,-0.92307692,1.12595492,0.88636364,1.06666667,1.22401328,1.23076923
Fish,1.23076923,2.02962963,1.1257644,2.46153846,1.12940781,1.02272727,1.1,1.23153199,1.23076923
Phyto,0.61538462,0.48148148,0.86597262,2.76923077,0.72919373,0.95454545,0.86666667,0.5133694,0.61538462
PhytoBenth,0.61538462,0.2,0.86597262,-1.23076923,0.86275012,1.22727273,0.86666667,0.71864462,0.61538462
Pred,1.23076923,0.45925926,1.1257644,0.61538462,1.18890125,1.09090909,1.1,1.36469529,1.23076923
SuspFeed,1.53846154,3.24444444,1.25084934,1.84615385,1.18965787,0.81818182,1.2,1.36643283,1.53846154
Zoopl,0.61538462,0.31111111,0.80411743,3.07692308,0.7080814,0.81818182,0.83333333,0.4840726,0.61538462
